experiment,method,best_classical,qwo_mean,best_classical_mean,qwo_evals_mean,best_classical_evals_mean,mean,std,n
01_double_well,qwo,,,,,,-0.6013997164006011,2.0480859899864825e-09,2
01_double_well,classical_random_search,,,,,,-0.6005669886666491,0.0008720188615284038,2
01_double_well,classical_grid_search,,,,,,-0.5771355556583934,0.0,2
01_double_well,classical_simulated_annealing,,,,,,0.5986138191334383,2.6026004884690194e-06,2
01_double_well,classical_spsa,,,,,,0.5986005007340587,1.1102230246251565e-16,2
01_double_well,classical_scipy_minimize,,,,,,-0.601399719240431,1.3898379939867558e-11,2
01_double_well,OPTIMIZATION_SIGNAL,scipy_minimize,-0.6013997164006011,-0.601399719240431,,,-2.839829926770676e-09,,2
01_double_well,EVALS_SAVED,scipy_minimize,,,64.0,2.5,-61.5,,2
02_rugged_sinusoid,qwo,,,,,,-1.0163887220260672,2.1295340495520398e-08,2
02_rugged_sinusoid,classical_random_search,,,,,,-1.0127446096579857,0.00471780941654535,2
02_rugged_sinusoid,classical_grid_search,,,,,,-0.9982573935634516,0.0,2
02_rugged_sinusoid,classical_simulated_annealing,,,,,,-0.9898251923175717,0.03652155651308884,2
02_rugged_sinusoid,classical_spsa,,,,,,-0.9900305198823609,0.03719322943607464,2
02_rugged_sinusoid,classical_scipy_minimize,,,,,,-0.9902360355092237,0.036985517990716664,2
02_rugged_sinusoid,OPTIMIZATION_SIGNAL,random_search,-1.0163887220260672,-1.0127446096579857,,,0.003644112368081487,,2
02_rugged_sinusoid,EVALS_SAVED,scipy_minimize,,,252.5,1.0,-159.0,,1
03_rastrigin_2d,qwo,,,,,,2.9525026794364484,2.742685551023725,2
03_rastrigin_2d,classical_random_search,,,,,,0.6395686325189374,0.5639414806933497,2
03_rastrigin_2d,classical_grid_search,,,,,,9.891179225372387,0.0,2
03_rastrigin_2d,classical_simulated_annealing,,,,,,10.452971363391573,7.739493267647298,2
03_rastrigin_2d,classical_spsa,,,,,,2.722742232285041,2.4434531599700424,2
03_rastrigin_2d,classical_scipy_minimize,,,,,,4.974790249545765,2.4044182379708952e-09,2
03_rastrigin_2d,OPTIMIZATION_SIGNAL,random_search,2.9525026794364484,0.6395686325189374,,,-2.312934046917511,,2
03_rastrigin_2d,EVALS_SAVED,random_search,,,1589.0,578.5,-1010.5,,1
04_ackley_2d,qwo,,,,,,0.12988741262602277,0.0,2
04_ackley_2d,classical_random_search,,,,,,0.30752943015145684,0.255329327596388,2
04_ackley_2d,classical_grid_search,,,,,,1.6559751418935105,0.0,2
04_ackley_2d,classical_simulated_annealing,,,,,,0.030759754916508175,0.013783750678637748,2
04_ackley_2d,classical_spsa,,,,,,6.999236097583687,2.2869935038005917,2
04_ackley_2d,classical_scipy_minimize,,,,,,2.6909384961127234,3.805543608587892,2
04_ackley_2d,OPTIMIZATION_SIGNAL,simulated_annealing,0.12988741262602277,0.030759754916508175,,,-0.0991276577095146,,2
04_ackley_2d,EVALS_SAVED,scipy_minimize,,,1296.0,5.0,-1287.0,,1
05_rosenbrock,qwo,,,,,,0.0011488639673597103,0.0,2
05_rosenbrock,classical_random_search,,,,,,0.05511971157740212,0.06626355097468821,2
05_rosenbrock,classical_grid_search,,,,,,0.0011488639673597103,0.0,2
05_rosenbrock,classical_simulated_annealing,,,,,,0.0007374422947464335,0.0007084092596974853,2
05_rosenbrock,classical_spsa,,,,,,0.1945283519442879,0.017234474981524844,2
05_rosenbrock,classical_scipy_minimize,,,,,,3.0832851235304267e-12,7.111622434294252e-13,2
05_rosenbrock,OPTIMIZATION_SIGNAL,scipy_minimize,0.0011488639673597103,3.0832851235304267e-12,,,-0.0011488639642764252,,2
05_rosenbrock,EVALS_SAVED,scipy_minimize,,,1024.0,1.0,-1023.0,,2
06_himmelblau,qwo,,,,,,0.004325247468274491,0.002388265835765066,2
06_himmelblau,classical_random_search,,,,,,0.2798595220400048,0.37342902428710945,2
06_himmelblau,classical_grid_search,,,,,,0.2970912410221295,0.0,2
06_himmelblau,classical_simulated_annealing,,,,,,0.002947583736771935,0.003916056117175611,2
06_himmelblau,classical_spsa,,,,,,1.4838387694984975e-05,1.5657939607418865e-08,2
06_himmelblau,classical_scipy_minimize,,,,,,1.3697312563608877e-10,2.603094751033664e-11,2
06_himmelblau,OPTIMIZATION_SIGNAL,scipy_minimize,0.004325247468274491,1.3697312563608877e-10,,,-0.004325247331301366,,2
06_himmelblau,EVALS_SAVED,scipy_minimize,,,1024.0,1.0,-1023.0,,2
07_rastrigin_4d,qwo,,,,,,23.61749140883678,9.642572234069497,2
07_rastrigin_4d,classical_random_search,,,,,,11.568956757079421,0.7639928726326077,2
07_rastrigin_4d,classical_grid_search,,,,,,45.54127287750808,0.0,2
07_rastrigin_4d,classical_simulated_annealing,,,,,,28.915488434401745,7.62035209078757,2
07_rastrigin_4d,classical_spsa,,,,,,9.949573285049611,5.628317383019847,2
07_rastrigin_4d,classical_scipy_minimize,,,,,,17.909192299266167,4.221203681774409,2
07_rastrigin_4d,OPTIMIZATION_SIGNAL,spsa,23.61749140883678,9.949573285049611,,,-13.66791812378717,,2
07_rastrigin_4d,EVALS_SAVED,spsa,,,,,nan,,0
08_ackley_4d,qwo,,,,,,3.4511095047692355,0.0,2
08_ackley_4d,classical_random_search,,,,,,2.6222436205119135,0.04658562243761595,2
08_ackley_4d,classical_grid_search,,,,,,4.580225584475961,0.0,2
08_ackley_4d,classical_simulated_annealing,,,,,,0.1747195950302971,0.05607522475509996,2
08_ackley_4d,classical_spsa,,,,,,9.633510593535755,0.27847389390005783,2
08_ackley_4d,classical_scipy_minimize,,,,,,4.581016534064066,3.8763919832517173,2
08_ackley_4d,OPTIMIZATION_SIGNAL,simulated_annealing,3.4511095047692355,0.1747195950302971,,,-3.2763899097389384,,2
08_ackley_4d,EVALS_SAVED,scipy_minimize,,,,,nan,,0
09_two_moons_logreg,qwo,,,,,,0.32410978263327317,5.0572744478655606e-05,2
09_two_moons_logreg,classical_random_search,,,,,,0.32494319755832335,0.00079542733737634,2
09_two_moons_logreg,classical_grid_search,,,,,,0.3244608351131463,0.0,2
09_two_moons_logreg,classical_simulated_annealing,,,,,,0.32408032166600215,8.505948991149558e-06,2
09_two_moons_logreg,classical_spsa,,,,,,1.101830691243524,1.0810599041380895,2
09_two_moons_logreg,classical_scipy_minimize,,,,,,0.32406978109981455,5.244108812003809e-14,2
09_two_moons_logreg,OPTIMIZATION_SIGNAL,scipy_minimize,0.32410978263327317,0.32406978109981455,,,-4.000153345862234e-05,,2
09_two_moons_logreg,EVALS_SAVED,,,,,,nan,,0
10_circles_logreg,qwo,,,,,,0.6945690217517937,0.0011541992267820233,2
10_circles_logreg,classical_random_search,,,,,,0.6935337890920557,0.00034700813173769345,2
10_circles_logreg,classical_grid_search,,,,,,0.6953851638518915,0.0,2
10_circles_logreg,classical_simulated_annealing,,,,,,0.69311477093064,1.2012748945897392e-05,2
10_circles_logreg,classical_spsa,,,,,,1.1186006673331121,0.2645967147561894,2
10_circles_logreg,classical_scipy_minimize,,,,,,0.6930958189434366,2.3473013535589002e-14,2
10_circles_logreg,OPTIMIZATION_SIGNAL,scipy_minimize,0.6945690217517937,0.6930958189434366,,,-0.0014732028083569992,,2
10_circles_logreg,EVALS_SAVED,,,,,,nan,,0
11_fourier_regression,qwo,,,,,,0.002572350886033891,0.00010339868389525156,2
11_fourier_regression,classical_random_search,,,,,,0.006716054068272664,0.004934258679822425,2
11_fourier_regression,classical_grid_search,,,,,,0.0035904435475972766,0.0,2
11_fourier_regression,classical_simulated_annealing,,,,,,0.002540908391345789,5.271814380105974e-05,2
11_fourier_regression,classical_spsa,,,,,,0.00867198712718516,0.008417410423502693,2
11_fourier_regression,classical_scipy_minimize,,,,,,0.0024749759999460356,1.718118138423832e-12,2
11_fourier_regression,OPTIMIZATION_SIGNAL,scipy_minimize,0.002572350886033891,0.0024749759999460356,,,-9.737488608785511e-05,,2
11_fourier_regression,EVALS_SAVED,scipy_minimize,,,1024.0,1.0,-1023.0,,2
12_noisy_quadratic,qwo,,,,,,-1.4421856164496467,0.0484779837405641,2
12_noisy_quadratic,classical_random_search,,,,,,-1.155164650767945,0.09097839386228598,2
12_noisy_quadratic,classical_grid_search,,,,,,-0.8500582838677639,0.08482514391009556,2
12_noisy_quadratic,classical_simulated_annealing,,,,,,-1.6632203063665019,0.15842968853132786,2
12_noisy_quadratic,classical_spsa,,,,,,-1.340314047383654,0.11440979144381049,2
12_noisy_quadratic,classical_scipy_minimize,,,,,,-0.48798149965246307,0.1453554542288055,2
12_noisy_quadratic,OPTIMIZATION_SIGNAL,simulated_annealing,-1.4421856164496467,-1.6632203063665019,,,-0.22103468991685515,,2
12_noisy_quadratic,EVALS_SAVED,scipy_minimize,,,1151.5,2.0,-1149.5,,2
13_sparse_reward,qwo,,,,,,0.0,0.0,2
13_sparse_reward,classical_random_search,,,,,,0.0,0.0,2
13_sparse_reward,classical_grid_search,,,,,,0.0,0.0,2
13_sparse_reward,classical_simulated_annealing,,,,,,0.0,0.0,2
13_sparse_reward,classical_spsa,,,,,,1.0,0.0,2
13_sparse_reward,classical_scipy_minimize,,,,,,1.0,0.0,2
13_sparse_reward,OPTIMIZATION_SIGNAL,random_search,0.0,0.0,,,0.0,,2
13_sparse_reward,EVALS_SAVED,random_search,,,1024.0,78.5,-945.5,,2
14_wide_vs_narrow,qwo,,,,,,-0.49865389175165575,0.00041035460046040696,2
14_wide_vs_narrow,classical_random_search,,,,,,-0.4175156655627729,0.050498862349406856,2
14_wide_vs_narrow,classical_grid_search,,,,,,-0.4594477099516029,0.0,2
14_wide_vs_narrow,classical_simulated_annealing,,,,,,5.20952042960543e-05,3.49985030420709e-05,2
14_wide_vs_narrow,classical_spsa,,,,,,0.4681886109599223,0.044895946184267344,2
14_wide_vs_narrow,classical_scipy_minimize,,,,,,-0.2500838712442593,0.35367200244477626,2
14_wide_vs_narrow,OPTIMIZATION_SIGNAL,grid_search,-0.49865389175165575,-0.4594477099516029,,,0.039206181800052864,,2
14_wide_vs_narrow,EVALS_SAVED,scipy_minimize,,,1024.0,3.0,-1021.0,,1
15_qwo_no_mixer,qwo,,,,,,0.5776619283408628,0.6158464476519796,2
15_qwo_no_mixer,classical_random_search,,,,,,0.6395686325189374,0.5639414806933497,2
15_qwo_no_mixer,classical_grid_search,,,,,,9.891179225372387,0.0,2
15_qwo_no_mixer,classical_simulated_annealing,,,,,,10.452971363391573,7.739493267647298,2
15_qwo_no_mixer,classical_spsa,,,,,,2.722742232285041,2.4434531599700424,2
15_qwo_no_mixer,classical_scipy_minimize,,,,,,4.974790249545765,2.4044182379708952e-09,2
15_qwo_no_mixer,OPTIMIZATION_SIGNAL,random_search,0.5776619283408628,0.6395686325189374,,,0.061906704178074534,,2
15_qwo_no_mixer,EVALS_SAVED,random_search,,,1310.0,578.5,-731.5,,2
16_qwo_no_phase,qwo,,,,,,0.5776619283408628,0.6158464476519796,2
16_qwo_no_phase,classical_random_search,,,,,,0.6395686325189374,0.5639414806933497,2
16_qwo_no_phase,classical_grid_search,,,,,,9.891179225372387,0.0,2
16_qwo_no_phase,classical_simulated_annealing,,,,,,10.452971363391573,7.739493267647298,2
16_qwo_no_phase,classical_spsa,,,,,,2.722742232285041,2.4434531599700424,2
16_qwo_no_phase,classical_scipy_minimize,,,,,,4.974790249545765,2.4044182379708952e-09,2
16_qwo_no_phase,OPTIMIZATION_SIGNAL,random_search,0.5776619283408628,0.6395686325189374,,,0.061906704178074534,,2
16_qwo_no_phase,EVALS_SAVED,random_search,,,1310.0,578.5,-731.5,,2
17_qwo_with_zz,qwo,,,,,,0.0008688687735059922,0.00039597300054721195,2
17_qwo_with_zz,classical_random_search,,,,,,0.05511971157740212,0.06626355097468821,2
17_qwo_with_zz,classical_grid_search,,,,,,0.0011488639673597103,0.0,2
17_qwo_with_zz,classical_simulated_annealing,,,,,,0.0007374422947464335,0.0007084092596974853,2
17_qwo_with_zz,classical_spsa,,,,,,0.1945283519442879,0.017234474981524844,2
17_qwo_with_zz,classical_scipy_minimize,,,,,,3.0832851235304267e-12,7.111622434294252e-13,2
17_qwo_with_zz,OPTIMIZATION_SIGNAL,scipy_minimize,0.0008688687735059922,3.0832851235304267e-12,,,-0.000868868770422707,,2
17_qwo_with_zz,EVALS_SAVED,scipy_minimize,,,1024.0,1.0,-1023.0,,2
18_qwo_separable,qwo,,,,,,0.0011488639673597103,0.0,2
18_qwo_separable,classical_random_search,,,,,,0.05511971157740212,0.06626355097468821,2
18_qwo_separable,classical_grid_search,,,,,,0.0011488639673597103,0.0,2
18_qwo_separable,classical_simulated_annealing,,,,,,0.0007374422947464335,0.0007084092596974853,2
18_qwo_separable,classical_spsa,,,,,,0.1945283519442879,0.017234474981524844,2
18_qwo_separable,classical_scipy_minimize,,,,,,3.0832851235304267e-12,7.111622434294252e-13,2
18_qwo_separable,OPTIMIZATION_SIGNAL,scipy_minimize,0.0011488639673597103,3.0832851235304267e-12,,,-0.0011488639642764252,,2
18_qwo_separable,EVALS_SAVED,scipy_minimize,,,1024.0,1.0,-1023.0,,2
19_qwo_vs_spsa,qwo,,,,,,-1.3251940643092475,0.21392902346059564,2
19_qwo_vs_spsa,classical_spsa,,,,,,-1.7508617856346587,0.19990692285235087,2
19_qwo_vs_spsa,classical_random_search,,,,,,-0.9165402416532811,0.2663925014257449,2
19_qwo_vs_spsa,OPTIMIZATION_SIGNAL,spsa,-1.3251940643092475,-1.7508617856346587,,,-0.4256677213254112,,2
19_qwo_vs_spsa,EVALS_SAVED,random_search,,,1143.5,36.5,-1107.0,,2
20_qwo_vs_sa_rs,qwo,,,,,,2.9525026794364484,2.742685551023725,2
20_qwo_vs_sa_rs,classical_simulated_annealing,,,,,,10.452971363391573,7.739493267647298,2
20_qwo_vs_sa_rs,classical_random_search,,,,,,0.6395686325189374,0.5639414806933497,2
20_qwo_vs_sa_rs,OPTIMIZATION_SIGNAL,random_search,2.9525026794364484,0.6395686325189374,,,-2.312934046917511,,2
20_qwo_vs_sa_rs,EVALS_SAVED,random_search,,,1589.0,578.5,-1010.5,,1
